name 1,dep 1,machine 1
name 2,dep 2,machine 2
name 3,dep 3,machine 3
name 4,dep 4,machine 4
name 5,dep 5,machine 5
name 6,dep 6,machine 1
name 7,dep 1,machine 2
name 8,dep 2,machine 3
name 9,dep 3,machine 4
name 10,dep 4,machine 5
name 11,dep 5,machine 1
name 12,dep 6,machine 2
name 13,dep 1,machine 3
name 14,dep 2,machine 4
name 15,dep 3,machine 5
name 16,dep 4,machine 1
name 17,dep 5,machine 2
name 18,dep 6,machine 3
name 19,dep 1,machine 4
name 20,dep 2,machine 5
name 21,dep 3,machine 1
name 22,dep 4,machine 2
name 23,dep 5,machine 3
name 24,dep 6,machine 4
name 25,dep 1,machine 5
name 26,dep 2,machine 1
name 27,dep 3,machine 2
name 28,dep 4,machine 3
name 29,dep 5,machine 4
name 30,dep 6,machine 5
name 31,dep 1,machine 1
name 32,dep 2,machine 2
name 33,dep 3,machine 3
name 34,dep 4,machine 4
name 35,dep 5,machine 5
name 36,dep 6,machine 1
name 37,dep 1,machine 2
name 38,dep 2,machine 3
name 39,dep 3,machine 4
name 40,dep 4,machine 5
name 41,dep 5,machine 1
name 42,dep 6,machine 2
name 43,dep 1,machine 3
name 44,dep 2,machine 4
name 45,dep 3,machine 5
name 46,dep 4,machine 1
name 47,dep 5,machine 2
name 48,dep 6,machine 3
name 49,dep 1,machine 4
name 50,dep 2,machine 5
name 51,dep 3,machine 1
name 52,dep 4,machine 2
name 53,dep 5,machine 3
name 54,dep 6,machine 4
name 55,dep 1,machine 5
name 56,dep 2,machine 1
name 57,dep 3,machine 2
name 58,dep 4,machine 3
name 59,dep 5,machine 4
name 60,dep 6,machine 5
name 61,dep 1,machine 1
name 62,dep 2,machine 2
name 63,dep 3,machine 3
name 64,dep 4,machine 4
name 65,dep 5,machine 5
name 66,dep 6,machine 1
name 67,dep 1,machine 2
name 68,dep 2,machine 3
name 69,dep 3,machine 4
name 70,dep 4,machine 5
name 71,dep 5,machine 1
name 72,dep 6,machine 2
name 73,dep 1,machine 3
name 74,dep 2,machine 4
name 75,dep 3,machine 5
name 76,dep 4,machine 1
name 77,dep 5,machine 2
name 78,dep 6,machine 3
name 79,dep 1,machine 4
name 80,dep 2,machine 5
name 81,dep 3,machine 1
name 82,dep 4,machine 2
name 83,dep 5,machine 3
name 84,dep 6,machine 4
name 85,dep 1,machine 5
name 86,dep 2,machine 1
name 87,dep 3,machine 2
name 88,dep 4,machine 3
name 89,dep 5,machine 4
name 90,dep 6,machine 5
name 91,dep 1,machine 1
name 92,dep 2,machine 2
name 93,dep 3,machine 3
name 94,dep 4,machine 4
name 95,dep 5,machine 5
name 96,dep 6,machine 1
name 97,dep 1,machine 2
name 98,dep 2,machine 3
name 99,dep 3,machine 4
name 100,dep 4,machine 5
name 101,dep 5,machine 1
name 102,dep 6,machine 2
name 103,dep 1,machine 3
name 104,dep 2,machine 4
name 105,dep 3,machine 5
name 106,dep 4,machine 1
name 107,dep 5,machine 2
name 108,dep 6,machine 3
name 109,dep 1,machine 4
name 110,dep 2,machine 5
name 111,dep 3,machine 1
name 112,dep 4,machine 2
name 113,dep 5,machine 3
name 114,dep 6,machine 4
name 115,dep 1,machine 5
name 116,dep 2,machine 1
name 117,dep 3,machine 2
name 118,dep 4,machine 3
name 119,dep 5,machine 4
name 120,dep 6,machine 5
name 121,dep 1,machine 1
name 122,dep 2,machine 2
name 123,dep 3,machine 3
name 124,dep 4,machine 4
name 125,dep 5,machine 5
name 126,dep 6,machine 1
name 127,dep 1,machine 2
name 128,dep 2,machine 3
name 129,dep 3,machine 4
name 130,dep 4,machine 5
name 131,dep 5,machine 1
name 132,dep 6,machine 2
name 133,dep 1,machine 3
name 134,dep 2,machine 4
name 135,dep 3,machine 5
name 136,dep 4,machine 1
name 137,dep 5,machine 2
name 138,dep 6,machine 3
name 139,dep 1,machine 4
name 140,dep 2,machine 5
name 141,dep 3,machine 1
name 142,dep 4,machine 2
name 143,dep 5,machine 3
name 144,dep 6,machine 4
name 145,dep 1,machine 5
name 146,dep 2,machine 1
name 147,dep 3,machine 2
name 148,dep 4,machine 3
name 149,dep 5,machine 4
name 150,dep 6,machine 5
name 151,dep 1,machine 1
name 152,dep 2,machine 2
name 153,dep 3,machine 3
name 154,dep 4,machine 4
name 155,dep 5,machine 5
name 156,dep 6,machine 1
name 157,dep 1,machine 2
name 158,dep 2,machine 3
name 159,dep 3,machine 4
name 160,dep 4,machine 5
name 161,dep 5,machine 1
name 162,dep 6,machine 2
name 163,dep 1,machine 3
name 164,dep 2,machine 4
name 165,dep 3,machine 5
name 166,dep 4,machine 1
name 167,dep 5,machine 2
name 168,dep 6,machine 3
name 169,dep 1,machine 4
name 170,dep 2,machine 5
name 171,dep 3,machine 1
name 172,dep 4,machine 2
name 173,dep 5,machine 3
name 174,dep 6,machine 4
name 175,dep 1,machine 5
name 176,dep 2,machine 1
name 177,dep 3,machine 2
name 178,dep 4,machine 3
name 179,dep 5,machine 4
name 180,dep 6,machine 5
name 181,dep 1,machine 1
name 182,dep 2,machine 2
name 183,dep 3,machine 3
name 184,dep 4,machine 4
name 185,dep 5,machine 5
name 186,dep 6,machine 1
name 187,dep 1,machine 2
name 188,dep 2,machine 3
name 189,dep 3,machine 4
name 190,dep 4,machine 5
name 191,dep 5,machine 1
name 192,dep 6,machine 2
name 193,dep 1,machine 3
name 194,dep 2,machine 4
name 195,dep 3,machine 5
name 196,dep 4,machine 1
name 197,dep 5,machine 2
name 198,dep 6,machine 3
name 199,dep 1,machine 4
name 200,dep 2,machine 5
name 201,dep 3,machine 1
name 202,dep 4,machine 2
name 203,dep 5,machine 3
name 204,dep 6,machine 4
name 205,dep 1,machine 5
name 206,dep 2,machine 1
name 207,dep 3,machine 2
name 208,dep 4,machine 3
name 209,dep 5,machine 4
name 210,dep 6,machine 5
name 211,dep 1,machine 1
name 212,dep 2,machine 2
name 213,dep 3,machine 3
name 214,dep 4,machine 4
name 215,dep 5,machine 5
name 216,dep 6,machine 1
name 217,dep 1,machine 2
name 218,dep 2,machine 3
name 219,dep 3,machine 4
name 220,dep 4,machine 5
name 221,dep 5,machine 1
name 222,dep 6,machine 2
name 223,dep 1,machine 3
name 224,dep 2,machine 4
name 225,dep 3,machine 5
name 226,dep 4,machine 1
name 227,dep 5,machine 2
name 228,dep 6,machine 3
name 229,dep 1,machine 4
name 230,dep 2,machine 5
name 231,dep 3,machine 1
name 232,dep 4,machine 2
name 233,dep 5,machine 3
name 234,dep 6,machine 4
name 235,dep 1,machine 5
name 236,dep 2,machine 1
name 237,dep 3,machine 2
name 238,dep 4,machine 3
name 239,dep 5,machine 4
name 240,dep 6,machine 5
name 241,dep 1,machine 1
name 242,dep 2,machine 2
name 243,dep 3,machine 3
name 244,dep 4,machine 4
name 245,dep 5,machine 5
name 246,dep 6,machine 1
name 247,dep 1,machine 2
name 248,dep 2,machine 3
name 249,dep 3,machine 4
name 250,dep 4,machine 5
name 251,dep 5,machine 1
name 252,dep 6,machine 2
name 253,dep 1,machine 3
name 254,dep 2,machine 4
name 255,dep 3,machine 5
name 256,dep 4,machine 1
name 257,dep 5,machine 2
name 258,dep 6,machine 3
name 259,dep 1,machine 4
name 260,dep 2,machine 5
name 261,dep 3,machine 1
name 262,dep 4,machine 2
name 263,dep 5,machine 3
name 264,dep 6,machine 4
name 265,dep 1,machine 5
name 266,dep 2,machine 1
name 267,dep 3,machine 2
name 268,dep 4,machine 3
name 269,dep 5,machine 4
name 270,dep 6,machine 5
name 271,dep 1,machine 1
name 272,dep 2,machine 2
name 273,dep 3,machine 3
name 274,dep 4,machine 4
name 275,dep 5,machine 5
name 276,dep 6,machine 1
name 277,dep 1,machine 2
name 278,dep 2,machine 3
name 279,dep 3,machine 4
name 280,dep 4,machine 5
name 281,dep 5,machine 1
name 282,dep 6,machine 2
name 283,dep 1,machine 3
name 284,dep 2,machine 4
name 285,dep 3,machine 5
name 286,dep 4,machine 1
name 287,dep 5,machine 2
name 288,dep 6,machine 3
name 289,dep 1,machine 4
name 290,dep 2,machine 5
name 291,dep 3,machine 1
name 292,dep 4,machine 2
name 293,dep 5,machine 3
name 294,dep 6,machine 4
name 295,dep 1,machine 5
name 296,dep 2,machine 1
name 297,dep 3,machine 2
name 298,dep 4,machine 3
name 299,dep 5,machine 4
name 300,dep 6,machine 5
name 301,dep 1,machine 1
name 302,dep 2,machine 2
name 303,dep 3,machine 3
name 304,dep 4,machine 4
name 305,dep 5,machine 5
name 306,dep 6,machine 1
name 307,dep 1,machine 2
name 308,dep 2,machine 3
name 309,dep 3,machine 4
name 310,dep 4,machine 5
name 311,dep 5,machine 1
name 312,dep 6,machine 2
name 313,dep 1,machine 3
name 314,dep 2,machine 4
name 315,dep 3,machine 5
name 316,dep 4,machine 1
name 317,dep 5,machine 2
name 318,dep 6,machine 3
name 319,dep 1,machine 4
name 320,dep 2,machine 5
name 321,dep 3,machine 1
name 322,dep 4,machine 2
name 323,dep 5,machine 3
name 324,dep 6,machine 4
name 325,dep 1,machine 5
name 326,dep 2,machine 1
name 327,dep 3,machine 2
name 328,dep 4,machine 3
name 329,dep 5,machine 4
name 330,dep 6,machine 5
name 331,dep 1,machine 1
name 332,dep 2,machine 2
name 333,dep 3,machine 3
name 334,dep 4,machine 4
name 335,dep 5,machine 5
name 336,dep 6,machine 1
name 337,dep 1,machine 2
name 338,dep 2,machine 3
name 339,dep 3,machine 4
name 340,dep 4,machine 5
name 341,dep 5,machine 1
name 342,dep 6,machine 2
name 343,dep 1,machine 3
name 344,dep 2,machine 4
name 345,dep 3,machine 5
name 346,dep 4,machine 1
name 347,dep 5,machine 2
name 348,dep 6,machine 3
name 349,dep 1,machine 4
name 350,dep 2,machine 5
name 351,dep 3,machine 1
name 352,dep 4,machine 2
name 353,dep 5,machine 3
name 354,dep 6,machine 4
name 355,dep 1,machine 5
name 356,dep 2,machine 1
name 357,dep 3,machine 2
name 358,dep 4,machine 3
name 359,dep 5,machine 4
name 360,dep 6,machine 5
name 361,dep 1,machine 1
name 362,dep 2,machine 2
name 363,dep 3,machine 3
name 364,dep 4,machine 4
name 365,dep 5,machine 5
name 366,dep 6,machine 1
name 367,dep 1,machine 2
name 368,dep 2,machine 3
name 369,dep 3,machine 4
name 370,dep 4,machine 5
name 371,dep 5,machine 1
name 372,dep 6,machine 2
name 373,dep 1,machine 3
name 374,dep 2,machine 4
name 375,dep 3,machine 5
name 376,dep 4,machine 1
name 377,dep 5,machine 2
name 378,dep 6,machine 3
name 379,dep 1,machine 4
name 380,dep 2,machine 5
name 381,dep 3,machine 1
name 382,dep 4,machine 2
name 383,dep 5,machine 3
name 384,dep 6,machine 4
name 385,dep 1,machine 5
name 386,dep 2,machine 1
name 387,dep 3,machine 2
name 388,dep 4,machine 3
name 389,dep 5,machine 4
name 390,dep 6,machine 5
name 391,dep 1,machine 1
name 392,dep 2,machine 2
name 393,dep 3,machine 3
name 394,dep 4,machine 4
name 395,dep 5,machine 5
name 396,dep 6,machine 1
name 397,dep 1,machine 2
name 398,dep 2,machine 3
name 399,dep 3,machine 4
name 400,dep 4,machine 5
name 401,dep 5,machine 1
name 402,dep 6,machine 2
name 403,dep 1,machine 3
name 404,dep 2,machine 4
name 405,dep 3,machine 5
name 406,dep 4,machine 1
name 407,dep 5,machine 2
name 408,dep 6,machine 3
name 409,dep 1,machine 4
name 410,dep 2,machine 5
name 411,dep 3,machine 1
name 412,dep 4,machine 2
name 413,dep 5,machine 3
name 414,dep 6,machine 4
name 415,dep 1,machine 5
name 416,dep 2,machine 1
name 417,dep 3,machine 2
name 418,dep 4,machine 3
name 419,dep 5,machine 4
name 420,dep 6,machine 5
name 421,dep 1,machine 1
name 422,dep 2,machine 2
name 423,dep 3,machine 3
name 424,dep 4,machine 4
name 425,dep 5,machine 5
name 426,dep 6,machine 1
name 427,dep 1,machine 2
name 428,dep 2,machine 3
name 429,dep 3,machine 4
name 430,dep 4,machine 5
name 431,dep 5,machine 1
name 432,dep 6,machine 2
name 433,dep 1,machine 3
name 434,dep 2,machine 4
name 435,dep 3,machine 5
name 436,dep 4,machine 1
name 437,dep 5,machine 2
name 438,dep 6,machine 3
name 439,dep 1,machine 4
name 440,dep 2,machine 5
name 441,dep 3,machine 1
name 442,dep 4,machine 2
name 443,dep 5,machine 3
name 444,dep 6,machine 4
name 445,dep 1,machine 5
name 446,dep 2,machine 1
name 447,dep 3,machine 2
name 448,dep 4,machine 3
name 449,dep 5,machine 4
name 450,dep 6,machine 5
name 451,dep 1,machine 1
name 452,dep 2,machine 2
name 453,dep 3,machine 3
name 454,dep 4,machine 4
name 455,dep 5,machine 5
name 456,dep 6,machine 1
name 457,dep 1,machine 2
name 458,dep 2,machine 3
name 459,dep 3,machine 4
name 460,dep 4,machine 5
name 461,dep 5,machine 1
name 462,dep 6,machine 2
name 463,dep 1,machine 3
name 464,dep 2,machine 4
name 465,dep 3,machine 5
name 466,dep 4,machine 1
name 467,dep 5,machine 2
name 468,dep 6,machine 3
name 469,dep 1,machine 4
name 470,dep 2,machine 5
name 471,dep 3,machine 1
name 472,dep 4,machine 2
name 473,dep 5,machine 3
name 474,dep 6,machine 4
name 475,dep 1,machine 5
name 476,dep 2,machine 1
name 477,dep 3,machine 2
name 478,dep 4,machine 3
name 479,dep 5,machine 4
name 480,dep 6,machine 5
name 481,dep 1,machine 1
name 482,dep 2,machine 2
name 483,dep 3,machine 3
name 484,dep 4,machine 4
name 485,dep 5,machine 5
name 486,dep 6,machine 1
name 487,dep 1,machine 2
name 488,dep 2,machine 3
name 489,dep 3,machine 4
name 490,dep 4,machine 5
name 491,dep 5,machine 1
name 492,dep 6,machine 2
name 493,dep 1,machine 3
name 494,dep 2,machine 4
name 495,dep 3,machine 5
name 496,dep 4,machine 1
name 497,dep 5,machine 2
name 498,dep 6,machine 3
name 499,dep 1,machine 4
name 500,dep 2,machine 5
name 501,dep 3,machine 1
name 502,dep 4,machine 2
name 503,dep 5,machine 3
name 504,dep 6,machine 4
name 505,dep 1,machine 5
name 506,dep 2,machine 1
name 507,dep 3,machine 2
name 508,dep 4,machine 3
name 509,dep 5,machine 4
name 510,dep 6,machine 5
name 511,dep 1,machine 1
name 512,dep 2,machine 2
name 513,dep 3,machine 3
name 514,dep 4,machine 4
name 515,dep 5,machine 5
name 516,dep 6,machine 1
name 517,dep 1,machine 2
name 518,dep 2,machine 3
name 519,dep 3,machine 4
name 520,dep 4,machine 5
name 521,dep 5,machine 1
name 522,dep 6,machine 2
name 523,dep 1,machine 3
name 524,dep 2,machine 4
name 525,dep 3,machine 5
name 526,dep 4,machine 1
name 527,dep 5,machine 2
name 528,dep 6,machine 3
name 529,dep 1,machine 4
name 530,dep 2,machine 5
name 531,dep 3,machine 1
name 532,dep 4,machine 2
name 533,dep 5,machine 3
name 534,dep 6,machine 4
name 535,dep 1,machine 5
name 536,dep 2,machine 1
name 537,dep 3,machine 2
name 538,dep 4,machine 3
name 539,dep 5,machine 4
name 540,dep 6,machine 5
name 541,dep 1,machine 1
name 542,dep 2,machine 2
name 543,dep 3,machine 3
name 544,dep 4,machine 4
name 545,dep 5,machine 5
name 546,dep 6,machine 1
name 547,dep 1,machine 2
name 548,dep 2,machine 3
name 549,dep 3,machine 4
name 550,dep 4,machine 5
name 551,dep 5,machine 1
name 552,dep 6,machine 2
name 553,dep 1,machine 3
name 554,dep 2,machine 4
name 555,dep 3,machine 5
name 556,dep 4,machine 1
name 557,dep 5,machine 2
name 558,dep 6,machine 3
name 559,dep 1,machine 4
name 560,dep 2,machine 5
name 561,dep 3,machine 1
name 562,dep 4,machine 2
name 563,dep 5,machine 3
name 564,dep 6,machine 4
name 565,dep 1,machine 5
name 566,dep 2,machine 1
name 567,dep 3,machine 2
name 568,dep 4,machine 3
name 569,dep 5,machine 4
name 570,dep 6,machine 5
name 571,dep 1,machine 1
name 572,dep 2,machine 2
name 573,dep 3,machine 3
name 574,dep 4,machine 4
name 575,dep 5,machine 5
name 576,dep 6,machine 1
name 577,dep 1,machine 2
name 578,dep 2,machine 3
name 579,dep 3,machine 4
name 580,dep 4,machine 5
name 581,dep 5,machine 1
name 582,dep 6,machine 2
name 583,dep 1,machine 3
name 584,dep 2,machine 4
name 585,dep 3,machine 5
name 586,dep 4,machine 1
name 587,dep 5,machine 2
name 588,dep 6,machine 3
name 589,dep 1,machine 4
name 590,dep 2,machine 5
name 591,dep 3,machine 1
name 592,dep 4,machine 2
name 593,dep 5,machine 3
name 594,dep 6,machine 4
name 595,dep 1,machine 5
name 596,dep 2,machine 1
name 597,dep 3,machine 2
name 598,dep 4,machine 3
name 599,dep 5,machine 4
name 600,dep 6,machine 5
name 601,dep 1,machine 1
name 602,dep 2,machine 2
name 603,dep 3,machine 3
name 604,dep 4,machine 4
name 605,dep 5,machine 5
name 606,dep 6,machine 1
name 607,dep 1,machine 2
name 608,dep 2,machine 3
name 609,dep 3,machine 4
name 610,dep 4,machine 5
name 611,dep 5,machine 1
name 612,dep 6,machine 2
name 613,dep 1,machine 3
name 614,dep 2,machine 4
name 615,dep 3,machine 5
name 616,dep 4,machine 1
name 617,dep 5,machine 2
name 618,dep 6,machine 3
name 619,dep 1,machine 4
name 620,dep 2,machine 5
name 621,dep 3,machine 1
name 622,dep 4,machine 2
name 623,dep 5,machine 3
name 624,dep 6,machine 4
name 625,dep 1,machine 5
name 626,dep 2,machine 1
name 627,dep 3,machine 2
name 628,dep 4,machine 3
name 629,dep 5,machine 4
name 630,dep 6,machine 5
name 631,dep 1,machine 1
name 632,dep 2,machine 2
name 633,dep 3,machine 3
name 634,dep 4,machine 4
name 635,dep 5,machine 5
name 636,dep 6,machine 1
name 637,dep 1,machine 2
name 638,dep 2,machine 3
name 639,dep 3,machine 4
name 640,dep 4,machine 5
name 641,dep 5,machine 1
name 642,dep 6,machine 2
name 643,dep 1,machine 3
name 644,dep 2,machine 4
name 645,dep 3,machine 5
name 646,dep 4,machine 1
name 647,dep 5,machine 2
name 648,dep 6,machine 3
name 649,dep 1,machine 4
name 650,dep 2,machine 5
name 651,dep 3,machine 1
name 652,dep 4,machine 2
name 653,dep 5,machine 3
name 654,dep 6,machine 4
name 655,dep 1,machine 5
name 656,dep 2,machine 1
name 657,dep 3,machine 2
name 658,dep 4,machine 3
name 659,dep 5,machine 4
name 660,dep 6,machine 5
name 661,dep 1,machine 1
name 662,dep 2,machine 2
name 663,dep 3,machine 3
name 664,dep 4,machine 4
name 665,dep 5,machine 5
name 666,dep 6,machine 1
name 667,dep 1,machine 2
name 668,dep 2,machine 3
name 669,dep 3,machine 4
name 670,dep 4,machine 5
name 671,dep 5,machine 1
name 672,dep 6,machine 2
name 673,dep 1,machine 3
name 674,dep 2,machine 4
name 675,dep 3,machine 5
name 676,dep 4,machine 1
name 677,dep 5,machine 2
name 678,dep 6,machine 3
name 679,dep 1,machine 4
name 680,dep 2,machine 5
name 681,dep 3,machine 1
name 682,dep 4,machine 2
name 683,dep 5,machine 3
name 684,dep 6,machine 4
name 685,dep 1,machine 5
name 686,dep 2,machine 1
name 687,dep 3,machine 2
name 688,dep 4,machine 3
name 689,dep 5,machine 4
name 690,dep 6,machine 5
name 691,dep 1,machine 1
name 692,dep 2,machine 2
name 693,dep 3,machine 3
name 694,dep 4,machine 4
name 695,dep 5,machine 5
name 696,dep 6,machine 1
name 697,dep 1,machine 2
name 698,dep 2,machine 3
name 699,dep 3,machine 4
name 700,dep 4,machine 5
name 701,dep 5,machine 1
name 702,dep 6,machine 2
name 703,dep 1,machine 3
name 704,dep 2,machine 4
name 705,dep 3,machine 5
name 706,dep 4,machine 1
name 707,dep 5,machine 2
name 708,dep 6,machine 3
name 709,dep 1,machine 4
name 710,dep 2,machine 5
name 711,dep 3,machine 1
name 712,dep 4,machine 2
name 713,dep 5,machine 3
name 714,dep 6,machine 4
name 715,dep 1,machine 5
name 716,dep 2,machine 1
name 717,dep 3,machine 2
name 718,dep 4,machine 3
name 719,dep 5,machine 4
name 720,dep 6,machine 5
name 721,dep 1,machine 1
name 722,dep 2,machine 2
name 723,dep 3,machine 3
name 724,dep 4,machine 4
name 725,dep 5,machine 5
name 726,dep 6,machine 1
name 727,dep 1,machine 2
name 728,dep 2,machine 3
name 729,dep 3,machine 4
name 730,dep 4,machine 5
name 731,dep 5,machine 1
name 732,dep 6,machine 2
name 733,dep 1,machine 3
name 734,dep 2,machine 4
name 735,dep 3,machine 5
name 736,dep 4,machine 1
name 737,dep 5,machine 2
name 738,dep 6,machine 3
name 739,dep 1,machine 4
name 740,dep 2,machine 5
name 741,dep 3,machine 1
name 742,dep 4,machine 2
name 743,dep 5,machine 3
name 744,dep 6,machine 4
name 745,dep 1,machine 5
name 746,dep 2,machine 1
name 747,dep 3,machine 2
name 748,dep 4,machine 3
name 749,dep 5,machine 4
name 750,dep 6,machine 5
name 751,dep 1,machine 1
name 752,dep 2,machine 2
name 753,dep 3,machine 3
name 754,dep 4,machine 4
name 755,dep 5,machine 5
name 756,dep 6,machine 1
name 757,dep 1,machine 2
name 758,dep 2,machine 3
name 759,dep 3,machine 4
name 760,dep 4,machine 5
name 761,dep 5,machine 1
name 762,dep 6,machine 2
name 763,dep 1,machine 3
name 764,dep 2,machine 4
name 765,dep 3,machine 5
name 766,dep 4,machine 1
name 767,dep 5,machine 2
name 768,dep 6,machine 3
name 769,dep 1,machine 4
name 770,dep 2,machine 5
name 771,dep 3,machine 1
name 772,dep 4,machine 2
name 773,dep 5,machine 3
name 774,dep 6,machine 4
name 775,dep 1,machine 5
name 776,dep 2,machine 1
name 777,dep 3,machine 2
name 778,dep 4,machine 3
name 779,dep 5,machine 4
name 780,dep 6,machine 5
name 781,dep 1,machine 1
name 782,dep 2,machine 2
name 783,dep 3,machine 3
name 784,dep 4,machine 4
name 785,dep 5,machine 5
name 786,dep 6,machine 1
name 787,dep 1,machine 2
name 788,dep 2,machine 3
name 789,dep 3,machine 4
name 790,dep 4,machine 5
name 791,dep 5,machine 1
name 792,dep 6,machine 2
name 793,dep 1,machine 3
name 794,dep 2,machine 4
name 795,dep 3,machine 5
name 796,dep 4,machine 1
name 797,dep 5,machine 2
name 798,dep 6,machine 3
name 799,dep 1,machine 4
name 800,dep 2,machine 5
name 801,dep 3,machine 1
name 802,dep 4,machine 2
name 803,dep 5,machine 3
name 804,dep 6,machine 4
name 805,dep 1,machine 5
name 806,dep 2,machine 1
name 807,dep 3,machine 2
name 808,dep 4,machine 3
name 809,dep 5,machine 4
name 810,dep 6,machine 5
name 811,dep 1,machine 1
name 812,dep 2,machine 2
name 813,dep 3,machine 3
name 814,dep 4,machine 4
name 815,dep 5,machine 5
name 816,dep 6,machine 1
name 817,dep 1,machine 2
name 818,dep 2,machine 3
name 819,dep 3,machine 4
name 820,dep 4,machine 5
name 821,dep 5,machine 1
name 822,dep 6,machine 2
name 823,dep 1,machine 3
name 824,dep 2,machine 4
name 825,dep 3,machine 5
name 826,dep 4,machine 1
name 827,dep 5,machine 2
name 828,dep 6,machine 3
name 829,dep 1,machine 4
name 830,dep 2,machine 5
name 831,dep 3,machine 1
name 832,dep 4,machine 2
name 833,dep 5,machine 3
name 834,dep 6,machine 4
name 835,dep 1,machine 5
name 836,dep 2,machine 1
name 837,dep 3,machine 2
name 838,dep 4,machine 3
name 839,dep 5,machine 4
name 840,dep 6,machine 5
name 841,dep 1,machine 1
name 842,dep 2,machine 2
name 843,dep 3,machine 3
name 844,dep 4,machine 4
name 845,dep 5,machine 5
name 846,dep 6,machine 1
name 847,dep 1,machine 2
name 848,dep 2,machine 3
name 849,dep 3,machine 4
name 850,dep 4,machine 5
name 851,dep 5,machine 1
name 852,dep 6,machine 2
name 853,dep 1,machine 3
name 854,dep 2,machine 4
name 855,dep 3,machine 5
name 856,dep 4,machine 1
name 857,dep 5,machine 2
name 858,dep 6,machine 3
name 859,dep 1,machine 4
name 860,dep 2,machine 5
name 861,dep 3,machine 1
name 862,dep 4,machine 2
name 863,dep 5,machine 3
name 864,dep 6,machine 4
name 865,dep 1,machine 5
name 866,dep 2,machine 1
name 867,dep 3,machine 2
name 868,dep 4,machine 3
name 869,dep 5,machine 4
name 870,dep 6,machine 5
name 871,dep 1,machine 1
name 872,dep 2,machine 2
name 873,dep 3,machine 3
name 874,dep 4,machine 4
name 875,dep 5,machine 5
name 876,dep 6,machine 1
name 877,dep 1,machine 2
name 878,dep 2,machine 3
name 879,dep 3,machine 4
name 880,dep 4,machine 5
name 881,dep 5,machine 1
name 882,dep 6,machine 2
name 883,dep 1,machine 3
name 884,dep 2,machine 4
name 885,dep 3,machine 5
name 886,dep 4,machine 1
name 887,dep 5,machine 2
name 888,dep 6,machine 3
name 889,dep 1,machine 4
name 890,dep 2,machine 5
name 891,dep 3,machine 1
name 892,dep 4,machine 2
name 893,dep 5,machine 3
name 894,dep 6,machine 4
name 895,dep 1,machine 5
name 896,dep 2,machine 1
name 897,dep 3,machine 2
name 898,dep 4,machine 3
name 899,dep 5,machine 4
name 900,dep 6,machine 5
name 901,dep 1,machine 1
name 902,dep 2,machine 2
name 903,dep 3,machine 3
name 904,dep 4,machine 4
name 905,dep 5,machine 5
name 906,dep 6,machine 1
name 907,dep 1,machine 2
name 908,dep 2,machine 3
name 909,dep 3,machine 4
name 910,dep 4,machine 5
name 911,dep 5,machine 1
name 912,dep 6,machine 2
name 913,dep 1,machine 3
name 914,dep 2,machine 4
name 915,dep 3,machine 5
name 916,dep 4,machine 1
name 917,dep 5,machine 2
name 918,dep 6,machine 3
name 919,dep 1,machine 4
name 920,dep 2,machine 5
name 921,dep 3,machine 1
name 922,dep 4,machine 2
name 923,dep 5,machine 3
name 924,dep 6,machine 4
name 925,dep 1,machine 5
name 926,dep 2,machine 1
name 927,dep 3,machine 2
name 928,dep 4,machine 3
name 929,dep 5,machine 4
name 930,dep 6,machine 5
name 931,dep 1,machine 1
name 932,dep 2,machine 2
name 933,dep 3,machine 3
name 934,dep 4,machine 4
name 935,dep 5,machine 5
name 936,dep 6,machine 1
name 937,dep 1,machine 2
name 938,dep 2,machine 3
name 939,dep 3,machine 4
name 940,dep 4,machine 5
name 941,dep 5,machine 1
name 942,dep 6,machine 2
name 943,dep 1,machine 3
name 944,dep 2,machine 4
name 945,dep 3,machine 5
name 946,dep 4,machine 1
name 947,dep 5,machine 2
name 948,dep 6,machine 3
name 949,dep 1,machine 4
name 950,dep 2,machine 5
name 951,dep 3,machine 1
name 952,dep 4,machine 2
name 953,dep 5,machine 3
name 954,dep 6,machine 4
name 955,dep 1,machine 5
name 956,dep 2,machine 1
name 957,dep 3,machine 2
name 958,dep 4,machine 3
name 959,dep 5,machine 4
name 960,dep 6,machine 5
name 961,dep 1,machine 1
name 962,dep 2,machine 2
name 963,dep 3,machine 3
name 964,dep 4,machine 4
name 965,dep 5,machine 5
name 966,dep 6,machine 1
name 967,dep 1,machine 2
name 968,dep 2,machine 3
name 969,dep 3,machine 4
name 970,dep 4,machine 5
name 971,dep 5,machine 1
name 972,dep 6,machine 2
name 973,dep 1,machine 3
name 974,dep 2,machine 4
name 975,dep 3,machine 5
name 976,dep 4,machine 1
name 977,dep 5,machine 2
name 978,dep 6,machine 3
name 979,dep 1,machine 4
name 980,dep 2,machine 5
name 981,dep 3,machine 1
name 982,dep 4,machine 2
name 983,dep 5,machine 3
name 984,dep 6,machine 4
name 985,dep 1,machine 5
name 986,dep 2,machine 1
name 987,dep 3,machine 2
name 988,dep 4,machine 3
name 989,dep 5,machine 4
name 990,dep 6,machine 5
name 991,dep 1,machine 1
name 992,dep 2,machine 2
name 993,dep 3,machine 3
name 994,dep 4,machine 4
name 995,dep 5,machine 5
name 996,dep 6,machine 1
name 997,dep 1,machine 2
name 998,dep 2,machine 3
name 999,dep 3,machine 4
name 1000,dep 4,machine 5
